{"nodes":null,"selection":null,"view":{"scroll":{"x":-446.778717041015625,"y":-112.876663208007812},"visible_rect":{"max":{"x":144.750778198242188,"y":67.3541336059570312},"min":{"x":-78.7504730224609375,"y":-19.8959579467773438}},"zoom":5.67334651947021484}}