{"nodes":{"node:1":{"location":{"x":-134,"y":-18}},"node:4":{"location":{"x":47,"y":-31}},"node:8":{"location":{"x":191,"y":0}}},"selection":null,"view":{"scroll":{"x":-320.408447265625,"y":-167.61212158203125},"visible_rect":{"max":{"x":754.87322998046875,"y":237.110305786132812},"min":{"x":-256.326751708984375,"y":-134.089706420898438}},"zoom":1.25}}