{"nodes":null,"selection":null,"view":{"scroll":{"x":-355.66412353515625,"y":-165.732635498046875},"visible_rect":{"max":{"x":1816.6717529296875,"y":596.53472900390625},"min":{"x":-711.3282470703125,"y":-331.46527099609375}},"zoom":0.5}}