{"nodes":{"node:2":{"location":{"x":0,"y":0}}},"selection":null,"view":{"scroll":{"x":-139.6973876953125,"y":-82.9645767211914062},"visible_rect":{"max":{"x":0,"y":0},"min":{"x":0,"y":0}},"zoom":1.50786614418029785}}